chr	start	end	name	baseMean	log2FoldChange	lfcSE	stat	pvalue	padj	annotated_genes_1	annotated_genes_2	dist_to_TSS_1	dist_to_TSS_2
chr1	8265981	8266000	chr1_8265981_8266000_enh-1000208_4	34.35399311600074	-3.1229915942658377	1.443308856349886	-2.1637722103111408	0.03048183591682755	0.33442243859619614	ERRFI1	SLC45A1	-179623	-111895
chr1	23719800	23719819	chr1_23719800_23719819_enh-1000849_7	108.7284004002502	-2.1540323865255377	0.7542510347504875	-2.8558560575765197	0.004292096726109949	0.1426341254345271	ZNF436	TCEA3	-23875	31423
chr1	23720993	23721012	chr1_23720993_23721012_enh-1000849_11	42.49700966598817	-3.0496061242461745	1.333969512712802	-2.2861138093361673	0.02224760131826917	0.2936068461772792	ZNF436	TCEA3	-25068	30230
chr1	23720995	23721014	chr1_23720995_23721014_enh-1000849_15	65.09832456524649	-1.778329831678779	0.7775430606112322	-2.2871142728491733	0.022189154010768906	0.2936068461772792	ZNF436	TCEA3	-25070	30228
chr1	23721149	23721168	chr1_23721149_23721168_enh-1000849_4	58.50924932846963	-1.931666787971543	0.837271455857105	-2.3070973869449762	0.021049391601740124	0.2864436523817373	ZNF436	TCEA3	-25224	30074
chr1	23722020	23722039	chr1_23722020_23722039_enh-1000849_13	33.923370310452626	-3.213854482988929	1.4075791297371205	-2.2832495986134353	0.022415670038921816	0.2936068461772792	ZNF436	TCEA3	-26095	29203
chr1	25282967	25282986	chr1_25282967_25282986_enh-1000914_2	74.29326618687338	-2.026124335678715	0.784880623900491	-2.5814426729122464	0.009838833063203755	0.20373116582891812	RUNX3	CLIC4	8524	211129
chr1	31918242	31918261	chr1_31918242_31918261_enh-1001175_19	64.69718040595065	-1.985908637926982	0.726061946472001	-2.7351779659802955	0.006234655811234101	0.1663789426335611	TINAGL1	SERINC2	-123884	35840
chr1	31918412	31918431	chr1_31918412_31918431_enh-1001175_7	62.794946390710486	-1.6982031510751916	0.6719073410670223	-2.527436518818741	0.011489859357240229	0.2220352288642865	TINAGL1	SERINC2	-123714	36010
chr1	46797198	46797217	chr1_46797198_46797217_enh-1001721_5	43.49414019432355	-1.866709443515072	0.891092113753948	-2.094855755878135	0.03618381694179076	0.36271494596094817	NSUN4	UQCRH	-8641	27905
chr1	59509230	59509249	chr1_59509230_59509249_enh-1002134_4	15.22804690955958	-6.924409485805373	1.9617751677046555	-3.529665172542259	4.160858874388885e-4	0.04039309374987446	JUN	FGGY	-259455	-253413
chr1	110075229	110075248	chr1_110075229_110075248_enh-1003163_28	57.01071870359416	-1.633061481042869	0.7334344102367191	-2.2265951232309806	0.02597434518846512	0.31395853120449657	AMIGO1	GPR61	-22935	-7255
chr1	110075315	110075334	chr1_110075315_110075334_enh-1003163_23	73.1156715198166	-2.319347777925659	0.6543448336579925	-3.5445344085010633	3.933071648702875e-4	0.038484793934014085	AMIGO1	GPR61	-23021	-7169
chr1	154959438	154959457	chr1_154959438_154959457_enh-1003792_1	30.781766707979116	-2.9006719507164265	1.189773783516962	-2.4380029135808177	0.014768654971691535	0.24670903530657043	LENEP	FLAD1	-6616	3599
chr1	171567092	171567111	chr1_171567092_171567111_enh-1004329_3	71.90267422320225	-1.551387918825879	0.696093805392054	-2.228705250367953	0.025833522695201103	0.3137892649151413	MYOC	PRRC2C	54721	112407
chr1	171577970	171577989	chr1_171577970_171577989_enh-1004329_9	57.55664939904906	-1.5055957503221296	0.7203739264050075	-2.09001977325267	0.03661602351773585	0.36491871637615375	MYOC	PRRC2C	43843	123285
chr1	171578107	171578126	chr1_171578107_171578126_enh-1004329_9	67.57048856005115	-2.7424609063643297	0.8028714069557561	-3.4158158860867975	6.359122634913379e-4	0.05407008480403245	MYOC	PRRC2C	43706	123422
chr1	181111520	181111539	chr1_181111520_181111539_enh-1004647_13	228.5398658397033	-1.6363345089344252	0.4016242452346217	-4.074292148320149	4.615451320880117e-5	0.013115824718982523	CACNA1E	IER5	-341351	53892
chr1	224357203	224357222	chr1_224357203_224357222_enh-1005932_1	20.35668385053277	-5.408502508247468	1.6425090654586147	-3.2928296238884545	9.91845585936955e-4	0.06864071713180261	DEGS1	FBXO28	-13660	55424
chr1	231939402	231939421	chr1_231939402_231939421_enh-1006208_11	16.25918379549323	-4.033001239828326	1.6410103795703581	-2.457632986382589	0.013985601934266869	0.24115872202458216	DISC1	SIPA1L2	176851	757892
chr1	232901417	232901436	chr1_232901417_232901436_enh-1006257_10	153.64268686353967	-1.681347988775459	0.532611618786241	-3.156799306419662	0.00159511090329017	0.0902846560121966	SIPA1L2	MAP10	-204123	-39216
chr2	18595289	18595308	chr2_18595289_18595308_enh-1030609_7	30.17758264122309	-4.332008999857448	1.3505795415329924	-3.2075185997119027	0.0013388540268341373	0.0833673297820105	RDH14	KCNS3	146647	536185
chr2	18595602	18595621	chr2_18595602_18595621_enh-1030609_4	169.76263776282943	-1.8267906815899122	0.5684559068020648	-3.2136013712423206	0.0013108151781534732	0.0825550222841589	RDH14	KCNS3	146334	536498
chr2	26224418	26224437	chr2_26224418_26224437_enh-1030811_4	133.56875302124047	-1.6693440354948585	0.5920532637704049	-2.8195842125147395	0.004808591167171111	0.15030554113705916	RAB10	KIF3C	-32551	-19062
chr2	26224674	26224693	chr2_26224674_26224693_enh-1030811_6	31.239300961871603	-3.0791200466286863	1.4138190961209922	-2.177874138973421	0.029415408335786465	0.33037526609121814	RAB10	KIF3C	-32295	-19318
chr2	28381316	28381335	chr2_28381316_28381335_enh-1030900_1	105.84061634509465	-1.5947312215793634	0.6351023797526187	-2.5109829098743632	0.01203955254493562	0.2266193027885668	RBKS	FOSL2	-267361	-234399
chr2	28381328	28381347	chr2_28381328_28381347_enh-1030900_2	38.9329667956992	-2.1387457482846637	0.9696393598735221	-2.2057125945914957	0.027404129511050708	0.3219126339331276	RBKS	FOSL2	-267373	-234387
chr2	28390940	28390959	chr2_28390940_28390959_enh-1030900_12	72.88188997982249	-2.576517702896838	0.9845245347384785	-2.6170172626335253	0.008870185526298233	0.19687316306123062	RBKS	FOSL2	-276985	-224775
chr2	28391592	28391611	chr2_28391592_28391611_enh-1030900_3	54.49026835191649	-4.465440873034448	1.001120262378913	-4.460444005421926	8.179002697035003e-6	0.004769717452205185	RBKS	FOSL2	-277637	-224123
chr2	58339545	58339564	chr2_58339545_58339564_enh-1031725_6	8.24914308427569	-6.040171168258655	2.1352274088072645	-2.8288186744627297	0.004672016132768528	0.1480752876629902	FANCL	VRK2	128930	204769
chr2	74704087	74704106	chr2_74704087_74704106_enh-1032174_2	82.69427901887336	-1.5250085132091586	0.7539929701351944	-2.02257656717372	0.04311682214584019	0.38773690753906914	MRPL53	LBX2	-3648	26346
chr2	85151377	85151396	chr2_85151377_85151396_enh-1032276_7	68.23061041321144	-2.674446757360428	0.7695497247817717	-3.475339761987239	5.102067002333788e-4	0.04591487888450604	KCMF1	TMSB10	-46829	18638
chr2	123064903	123064922	chr2_123064903_123064922_enh-1033166_6	36.299573048236546	-2.8095049365032776	1.3752380734881884	-2.0429225969414726	0.04106010101150566	0.38177223632794366	TSN	NA	551804	NA
chr2	123066337	123066356	chr2_123066337_123066356_enh-1033166_2	62.46016349866761	-2.752822702348321	0.7392407874524386	-3.7238512120456186	1.9620658725472202e-4	0.026293815372429	TSN	NA	553238	NA
chr2	123066828	123066847	chr2_123066828_123066847_enh-1033166_9	83.37180861981253	-1.821979296924238	0.641880708117427	-2.8385014129306425	0.004532591871149208	0.1459068542543044	TSN	NA	553729	NA
chr2	218558611	218558630	chr2_218558611_218558630_enh-1035205_6	11.984457092518507	-6.579199807020334	1.9596392273178609	-3.3573525755683207	7.869269601960804e-4	0.06124421639422483	TNP1	TNS1	-833834	250230
chr2	218563779	218563798	chr2_218563779_218563798_enh-1035206_10	101.23217236097628	-1.6024604575440362	0.5596659369233508	-2.8632445747068966	0.004193267506937315	0.14010513575346925	TNP1	TNS1	-839002	245062
chr2	218577324	218577343	chr2_218577324_218577343_enh-1035207_6	61.28838736468648	-1.9910968034674563	0.9412455696009079	-2.1153850469773685	0.034397143188594013	0.3557020678115595	TNP1	TNS1	-852547	231517
chr2	218577345	218577364	chr2_218577345_218577364_enh-1035207_1	100.29416977675884	-1.8515969725149561	0.736524565024259	-2.513964992401808	0.011938228362029494	0.22568724887217034	TNP1	TNS1	-852568	231496
chr2	219827946	219827965	chr2_219827946_219827965_enh-1035243_37	63.591879142308784	-1.866953897263349	0.8025478961284567	-2.3262834607998553	0.020003433758978565	0.27835477970027844	CDK5R2	FEV	3579	22423
chr2	219828064	219828083	chr2_219828064_219828083_enh-1035243_23	67.12589602855047	-1.9162743848288621	0.7651866003215054	-2.5043229769362254	0.01226859822789871	0.22677593336096433	CDK5R2	FEV	3697	22305
chr2	219828077	219828096	chr2_219828077_219828096_enh-1035243_2	48.58856353539382	-3.0009338334514593	1.0461413784230986	-2.868573880496838	0.004123268882137577	0.13889557936577646	CDK5R2	FEV	3710	22292
chr2	219828203	219828222	chr2_219828203_219828222_enh-1035243_22	87.37497006964318	-3.0308434138687383	0.6183985901901954	-4.90111630580621	9.529361675950088e-7	9.905547463439981e-4	CDK5R2	FEV	3836	22166
chr2	235096835	235096854	chr2_235096835_235096854_enh-1035684_13	98.70346102150225	-1.5518796597658535	0.7665306269428659	-2.0245501030469906	0.042913582269878695	0.3864982426253753	SPP2	ARL4C	137502	308852
chr2	235096939	235096958	chr2_235096939_235096958_enh-1035684_3	39.406346596324894	-3.4212697453048775	1.0644133963667717	-3.214230257701481	0.0013079474156787753	0.0825550222841589	SPP2	ARL4C	137606	308748
chr2	235096946	235096965	chr2_235096946_235096965_enh-1035684_17	56.34595607251351	-2.131991698571098	0.8860104941500719	-2.4062826711959717	0.016115789610133248	0.2546745813978937	SPP2	ARL4C	137613	308741
chr2	235100181	235100200	chr2_235100181_235100200_enh-1035684_6	115.5434868989207	-1.8783058371849135	0.598430585804844	-3.138719647256555	0.00169687708976907	0.09130924867240924	SPP2	ARL4C	140848	305506
chr2	237881879	237881898	chr2_237881879_237881898_enh-1035829_10	119.80568192940767	-1.6122838602677367	0.6172507035455184	-2.6120405388065158	0.009000358101402777	0.1970607932365847	COPS8	ACKR3	-112066	403605
chr2	241518495	241518514	chr2_241518495_241518514_enh-1035963_1	86.5056526650224	-1.617822897897994	0.6233595230839	-2.595328759708779	0.009450047943427003	0.20024318650738304	CAPN10	RNPEPL1	-7628	10401
chr2	241518780	241518799	chr2_241518780_241518799_enh-1035963_6	49.275748436242495	-2.3339821828422567	1.1250842534154926	-2.074495466234491	0.03803331938465344	0.3715632287586309	CAPN10	RNPEPL1	-7343	10686
chr2	241518783	241518802	chr2_241518783_241518802_enh-1035963_4	170.2403750909241	-1.519221042512171	0.5412932898247819	-2.8066504260637464	0.005005953359498716	0.1516422579097289	CAPN10	RNPEPL1	-7340	10689
chr2	241519352	241519371	chr2_241519352_241519371_enh-1035963_1	19.304856932390965	-4.294777811358526	1.4235445987860755	-3.016960490750264	0.002553230876240257	0.11162689174881606	CAPN10	RNPEPL1	-6771	11258
chr2	241566108	241566127	chr2_241566108_241566127_enh-1035968_16	139.8828550765197	-1.6297092089411143	0.6133076887598949	-2.657245684032395	0.007878200600181134	0.18664439544739223	GPR35	AQP12B	21256	56199
chr3	10261744	10261763	chr3_10261744_10261763_enh-1040054_5	15.361139531895342	-4.3649484929158335	1.7393176903716512	-2.5095751725397255	0.012087648477908544	0.22677593336096433	TATDN2	IRAK2	-27953	55205
chr3	10261845	10261864	chr3_10261845_10261864_enh-1040054_9	89.86856919275203	-1.535191578758795	0.7053454792570004	-2.176510127173341	0.029517137256415252	0.33037526609121814	TATDN2	IRAK2	-27852	55306
chr3	15398009	15398028	chr3_15398009_15398028_enh-1040218_24	23.736739676404984	-2.157414060673043	1.0878581935423266	-1.9831758160022555	0.04734779426145777	0.40286470355383913	EAF1	SH3BP5	-70843	-23883
chr3	15398075	15398094	chr3_15398075_15398094_enh-1040218_17	94.42332568207746	-1.8920763238119405	0.6158575495306882	-3.0722629368654975	0.002124425028323595	0.1028636952360952	EAF1	SH3BP5	-70777	-23949
chr3	15398111	15398130	chr3_15398111_15398130_enh-1040218_6	56.37553265532888	-2.226749615640421	0.7603422608245882	-2.92861482304761	0.003404760511289057	0.12907532807632746	EAF1	SH3BP5	-70741	-23985
chr3	59563504	59563523	chr3_59563504_59563523_enh-1041266_12	56.03170298831261	-2.019945213687819	0.9063414361762433	-2.228680200487964	0.02583519055634256	0.3137892649151413	FAM3D	NA	-910939	NA
chr3	126701126	126701145	chr3_126701126_126701145_enh-1042533_1	20.987026285005243	-3.3045701870725352	1.3869125258861117	-2.3826810454114353	0.01718707842167583	0.261281738422739	PLXNA1	CHCHD6	-6301	278073
chr3	136714347	136714366	chr3_136714347_136714366_enh-1042805_13	36.244889456011705	-2.5526870144847593	1.2302348118980568	-2.074959178359104	0.037990318276575674	0.3714374575986531	SOX14	IL20RB	-769222	37650
chr3	138582218	138582237	chr3_138582218_138582237_enh-1042844_9	95.78119500722495	-1.7030930060410636	0.7225527724658664	-2.357049991281458	0.018420766821222987	0.2671878048692449	PIK3CB	FOXL2	-28634	83754
chr3	138582411	138582430	chr3_138582411_138582430_enh-1042844_7	146.06935575040066	-1.7264241739515462	0.6065648980619109	-2.8462315895097072	0.004424000755752165	0.14419056901045418	PIK3CB	FOXL2	-28827	83561
chr3	138582521	138582540	chr3_138582521_138582540_enh-1042844_1	49.79493000097622	-3.5962156473485005	1.003833405411113	-3.582482539396759	3.403443718163602e-4	0.03605678097572069	PIK3CB	FOXL2	-28937	83451
chr3	141027489	141027508	chr3_141027489_141027508_enh-1042919_12	144.40645527228588	-1.5702992613573261	0.5183976627168968	-3.0291403188962396	0.0024525074395281223	0.10983110078905581	ZBTB38	ACPL2	-79155	76829
chr3	141030191	141030210	chr3_141030191_141030210_enh-1042919_4	90.6623983318419	-2.564715806538227	0.7369526505801168	-3.480163623157235	5.011076417407812e-4	0.045764119370534005	ZBTB38	ACPL2	-76453	79531
chr3	172333013	172333032	chr3_172333013_172333032_enh-1043580_6	76.62404115808279	-2.1362767254646733	0.8499155978441505	-2.5135163196009533	0.011953424731407838	0.22568724887217034	TNFSF10	NCEH1	-91726	95985
chr3	179150755	179150774	chr3_179150755_179150774_enh-1043737_5	129.67460589424726	-1.6147717804730406	0.5936531260492377	-2.7200594246329484	0.006527018547209572	0.16883501996891162	GNB4	MFN1	18613	85285
chr3	185618065	185618084	chr3_185618065_185618084_enh-1043865_9	81.88835626420936	-2.2530325856987568	1.1396326745817746	-1.9769813870294484	0.04804373415529245	0.4047647838513071	IGF2BP2	TRA2B	-75231	37849
chr3	187431945	187431964	chr3_187431945_187431964_enh-1043946_11	85.39495047032237	-1.5219074797672987	0.6872510330704397	-2.2144855468137377	0.026795395864897337	0.3205940181486045	RTP2	BCL6	-11610	31560
chr3	187432521	187432540	chr3_187432521_187432540_enh-1043946_17	103.21315318688394	-1.9591411575142623	0.9608258859350063	-2.0390178763843023	0.041448243458766826	0.38343352372487455	RTP2	BCL6	-12186	30984
chr3	187432522	187432541	chr3_187432522_187432541_enh-1043946_13	35.042548892593935	-3.2665194058912856	1.3588596407400468	-2.403868146464568	0.016222623339701907	0.25511316728977657	RTP2	BCL6	-12187	30983
chr3	190292705	190292724	chr3_190292705_190292724_enh-1044115_9	103.67974561863198	-2.5327045614014976	0.9197645163524362	-2.7536445648562222	0.005893573520426828	0.16255451439226482	IL1RAP	GMNC	60824	287689
chr3	193990517	193990536	chr3_193990517_193990536_enh-1044203_7	67.19907739326746	-2.0350206995750324	0.7069104991015648	-2.878752971078242	0.0039925093254979975	0.13670757122150082	CPN2	HES1	81530	136593
chr3	194002922	194002941	chr3_194002922_194002941_enh-1044205_3	51.876623563722404	-3.8859877260121745	0.9120983711490208	-4.260491904087912	2.0397747141126512e-5	0.007620721954634812	CPN2	HES1	69125	148998
chr3	194003736	194003755	chr3_194003736_194003755_enh-1044205_10	7.251941842462261	-5.8540974716419685	2.323539845308396	-2.519473674386235	0.011753042874291044	0.22403946239721315	CPN2	HES1	68311	149812
chr3	194027883	194027902	chr3_194027883_194027902_enh-1044205_1	94.22469529657195	-1.5620791363587478	0.6298810187651893	-2.4799590554753146	0.013139747015087704	0.2363098774427622	CPN2	HES1	44164	173959
chr3	194053518	194053537	chr3_194053518_194053537_enh-1044206_6	61.16869047392769	-1.5853075807245374	0.8009063632046608	-1.979391915905447	0.047771897979031835	0.4042414071266187	CPN2	HES1	18529	199594
chr4	25908804	25908823	chr4_25908804_25908823_enh-1044889_1	71.12626349254596	-3.9651291126312915	0.9796882465412527	-4.047337636875822	5.1803491435505725e-5	0.013512860172201747	SEL1L3	SMIM20	-44233	-7012
chr4	25912016	25912035	chr4_25912016_25912035_enh-1044889_5	13.839393434955868	-6.786227794364368	1.9132146314030691	-3.547029007084083	3.89601692318164e-4	0.038484793934014085	SEL1L3	SMIM20	-47445	-3800
chr5	1474854	1474873	chr5_1474854_1474873_enh-1047490_8	88.158826124698	-2.022630071611948	0.8623380516388828	-2.345518753078236	0.01900062272719582	0.2714201657665873	SLC6A3	LPCAT1	-29319	49228
chr5	1474857	1474876	chr5_1474857_1474876_enh-1047490_2	4.256095602846609	-5.085783076548533	2.4911602099861314	-2.041531915997023	0.041197984854542236	0.3827656030683129	SLC6A3	LPCAT1	-29322	49225
chr5	1474859	1474878	chr5_1474859_1474878_enh-1047490_7	8.83930095742939	-5.138328447060523	2.0127765150954846	-2.5528559224155916	0.010684368299224747	0.2116003577652503	SLC6A3	LPCAT1	-29324	49223
chr5	1542411	1542430	chr5_1542411_1542430_enh-1047500_14	11.934071613129438	-6.573216994339382	1.9700512780416568	-3.336571523596855	8.481860117704725e-4	0.06376393499462289	LPCAT1	MRPL36	-18329	257588
chr5	4416413	4416432	chr5_4416413_4416432_enh-1047512_8	85.79668586815082	-1.9911179434898991	0.7074129779120436	-2.814647180161664	0.004883081172504999	0.15050876943953534	ADAMTS16	IRX1	-724020	820255
chr5	31106645	31106664	chr5_31106645_31106664_enh-1047840_8	239.91026456222662	-1.525198722192312	0.49936815254783057	-3.0542570935102336	0.0022561864069721026	0.10482905161056748	CDH6	NA	-87202	NA
chr5	38879050	38879069	chr5_38879050_38879069_enh-1048104_7	183.50880426775942	-1.6148345638226922	0.4731055838719444	-3.413264647199302	6.418957491262602e-4	0.054205018431353856	OSMR	RICTOR	32959	195450
chr5	90585394	90585413	chr5_90585394_90585413_enh-1049265_1	80.75750665997045	-2.070706154650999	0.6102398752146783	-3.393265892240389	6.906456437672021e-4	0.05753358204057996	ARRDC3	GPR98	93772	730787
chr5	90585645	90585664	chr5_90585645_90585664_enh-1049265_9	76.09976507992761	-2.20156518582518	0.7957746897850452	-2.7665684949339964	0.005664968298477808	0.15982470057650547	ARRDC3	GPR98	93521	731038
chr5	111146070	111146089	chr5_111146070_111146089_enh-1049686_11	35.943199291426346	-3.4309188140987925	1.1183805275449699	-3.067756214989031	0.0021567248493926496	0.10361702491134768	STARD4	NREP	-297872	166548
chr5	115827025	115827044	chr5_115827025_115827044_enh-1049804_8	237.79319232283854	-1.5349956040535002	0.5482181276025483	-2.799972359116067	0.005110698257946354	0.15368243615175756	SEMA6A	COMMD10	83595	406347
chr5	115827084	115827103	chr5_115827084_115827103_enh-1049804_13	201.77910755779678	-1.8975447343551708	0.5160041091710154	-3.677382991006922	2.3563910779517272e-4	0.029696648606299586	SEMA6A	COMMD10	83536	406406
chr5	123146008	123146027	chr5_123146008_123146027_enh-1049891_12	162.6866491039808	-1.6541919632644102	0.5450434721607087	-3.034972525598222	0.002405575995389655	0.10874221616038275	CSNK1G3	ZNF608	298225	935100
chr5	123147126	123147145	chr5_123147126_123147145_enh-1049891_8	98.29809100265754	-1.7777131168937306	0.5575780095401034	-3.188276952242088	0.0014312338167534956	0.08607649622806755	CSNK1G3	ZNF608	299343	933982
chr5	142487943	142487962	chr5_142487943_142487962_enh-1050535_6	145.4712736017687	-1.7753148287204157	0.5082315416529744	-3.4931220973542385	4.774081709179055e-4	0.04392511447199147	NR3C1	ARHGAP26	295301	338004
chr5	142490548	142490567	chr5_142490548_142490567_enh-1050535_7	118.31302227430876	-1.5154450183280845	0.6124567943171513	-2.474370490113846	0.01334712031806496	0.2370410360432499	NR3C1	ARHGAP26	292696	340609
chr5	142611270	142611289	chr5_142611270_142611289_enh-1050542_2	58.70191114885124	-1.8552373802547217	0.8225968733907635	-2.2553421247608076	0.024111862447629178	0.30521062845669417	NR3C1	ARHGAP26	171974	461331
chr5	148608339	148608358	chr5_148608339_148608358_enh-1050763_8	115.89823581130057	-1.596450413262147	0.7512994081136991	-2.1249190349695386	0.03359336935978495	0.3521876282625754	AFAP1L1	ABLIM3	-43085	87172
chr5	172226929	172226948	chr5_172226929_172226948_enh-1051431_1	76.06752365812135	-2.558230730220967	0.9393782019251207	-2.7233234973711764	0.006462873922936208	0.16883501996891162	ERGIC1	DUSP1	-34339	-28741
chr5	177858108	177858127	chr5_177858108_177858127_enh-1051597_5	62.147044402928486	-3.9807380191950554	0.9751547594019687	-4.082160273346063	4.4619007888870845e-5	0.013115824718982523	PHYKPL	COL23A1	-198332	159438
chr6	21589151	21589170	chr6_21589151_21589170_enh-1052381_6	22.72852940217061	-7.502596411975153	1.7329466721907254	-4.329386779392729	1.4952511989428111e-5	0.006771789249067258	SOX4	NA	-4811	NA
chr6	21589353	21589372	chr6_21589353_21589372_enh-1052381_7	64.56629148629524	-3.505295718867335	0.7729786132778134	-4.534790042900592	5.766081495499765e-6	0.0035545009379008303	SOX4	NA	-4609	NA
chr6	27113564	27113583	chr6_27113564_27113583_enh-1052565_10	33.13169222587088	-3.8941353453222387	1.17718300779063	-3.308011855039312	9.396083199809899e-4	0.06662347765797336	HIST1H2BK	HIST1H4I	1045	6498
chr6	32789034	32789053	chr6_32789034_32789053_enh-1052699_8	71.02211996863714	-1.5285925644470129	0.6903331043387656	-2.2142825758170366	0.02680934647669813	0.3205940181486045	HLA-DOB	TAP2	-4219	17460
chr6	43635568	43635587	chr6_43635568_43635587_enh-1053078_2	103.66451961485389	-1.6599844792512766	0.7868387715575835	-2.109688209650957	0.03488522072131291	0.3575988271752123	MRPS18A	RSPH9	19950	22795
chr6	43640150	43640169	chr6_43640150_43640169_enh-1053078_5	110.7527092168193	-1.6997240159230746	0.6283784916759378	-2.7049366559154007	0.0068317415475700185	0.17189498273467502	MRPS18A	RSPH9	15368	27377
chr6	43640181	43640200	chr6_43640181_43640200_enh-1053078_14	7.904218694985537	-5.978526024094397	2.146221761212818	-2.785604979010168	0.005342793659284518	0.15572412062723126	MRPS18A	RSPH9	15337	27408
chr6	43692579	43692598	chr6_43692579_43692598_enh-1053082_12	104.02670010589459	-1.814688933753916	0.551409062716862	-3.2910030981585883	9.983081379217153e-4	0.06864071713180261	VEGFA	MRPS18A	-45855	-37061
chr6	97387598	97387617	chr6_97387598_97387617_enh-1053852_18	132.5351932211956	-1.6357567366449288	0.5787504733858839	-2.8263592201924337	0.004708043380942377	0.14883453036830402	KLHL32	MMS22L	15003	343444
chr6	97387727	97387746	chr6_97387727_97387746_enh-1053852_2	46.380121484391154	-2.911802757318745	0.9346897887725968	-3.1152611190311883	0.00183782140215479	0.09606340288895307	KLHL32	MMS22L	15132	343315
chr6	97388209	97388228	chr6_97388209_97388228_enh-1053852_11	79.58302596465165	-2.172322429998701	0.7798203994774201	-2.785670176689961	0.005341719278830827	0.15572412062723126	KLHL32	MMS22L	15614	342833
chr6	123158247	123158266	chr6_123158247_123158266_enh-1054273_2	38.58700731528855	-2.68141601878742	0.883589548249549	-3.034685079853522	0.002407869657862316	0.10874221616038275	CLVS2	SMPDL3A	-158859	47942
chr6	146679465	146679484	chr6_146679465_146679484_enh-1054841_22	47.32329015629231	-2.9962234617358474	0.8404748884266396	-3.564917290205716	3.639709478243977e-4	0.03770922534224369	RAB32	GRM1	-185354	330693
chr7	2831713	2831732	chr7_2831713_2831732_enh-1055659_12	99.08654588553901	-2.800315544993771	0.8795240635640698	-3.183898725460829	0.0014530584036792325	0.08612863970654451	GNA12	AMZ1	52235	112567
chr7	2836690	2836709	chr7_2836690_2836709_enh-1055659_10	44.66041535773297	-3.2182737907549614	1.300223942037798	-2.475168843384831	0.013317320045895475	0.2370410360432499	GNA12	AMZ1	47258	117544
chr7	50886547	50886566	chr7_50886547_50886566_enh-1056946_16	56.0205385073122	-2.4797530869750624	0.9359667290227869	-2.649403029062896	0.0080634108668907	0.18828369806419593	GRB10	COBL	-86507	497939
chr7	50886556	50886575	chr7_50886556_50886575_enh-1056946_9	42.159063760179414	-2.5212670080367356	0.9419095439857044	-2.6767612921384747	0.007433757655933991	0.1811280595652375	GRB10	COBL	-86516	497930
chr7	54956184	54956203	chr7_54956184_54956203_enh-1057002_5	99.4922465122843	-1.656309220446172	0.5753971523979832	-2.8785495610179135	0.003995085011861052	0.13670757122150082	EGFR	SEC61G	-130600	-128527
chr7	100751982	100752001	chr7_100751982_100752001_enh-1057816_2	111.34680336128159	-1.6503648685819117	0.8307747696935492	-1.9865370600875223	0.046973722019428794	0.4010542719192784	SERPINE1	TRIM56	-18378	23272
chr7	105858159	105858178	chr7_105858159_105858178_enh-1057984_11	7.220935998708226	-5.848478058328709	2.235580878924914	-2.6160887818745477	0.008894342754895406	0.19687316306123062	SYPL1	NAMPT	-105147	67469
chr8	22069110	22069129	chr8_22069110_22069129_enh-1059444_10	53.594551814406444	-1.8113032231284467	0.873999292130781	-2.072430995581873	0.03822526526867864	0.37225852724924086	POLR3D	BMP1	-33628	46871
chr8	22069139	22069158	chr8_22069139_22069158_enh-1059444_11	79.26417039335281	-1.8035992404115182	0.7038217848420839	-2.5625794473187424	0.01038978138695232	0.20999281101595926	POLR3D	BMP1	-33599	46900
chr8	23618959	23618978	chr8_23618959_23618978_enh-1059525_11	61.21561457177435	-2.0751684244146524	1.0387391080646413	-1.997776350484258	0.045740912392616975	0.3957393941498897	NKX2-6	STC1	-54858	93351
chr8	23619017	23619036	chr8_23619017_23619036_enh-1059525_18	53.700617490124706	-2.0178097597525744	0.8412206165594502	-2.398668934203389	0.016454784344918483	0.25592637798621465	NKX2-6	STC1	-54916	93293
chr8	23619033	23619052	chr8_23619033_23619052_enh-1059525_19	156.40751666795643	-2.4108821660167683	0.49324974536633037	-4.887751465996676	1.0199417459574175e-6	9.905547463439981e-4	NKX2-6	STC1	-54932	93277
chr8	26307589	26307608	chr8_26307589_26307608_enh-1059585_13	48.897357174516685	-3.486158672328265	1.2557384000371867	-2.7761822623446317	0.00550013657683506	0.15880839310491673	PNMA2	BNIP3L	64009	67185
chr8	26307962	26307981	chr8_26307962_26307981_enh-1059585_9	73.65277336362387	-1.7489482746480478	0.6624803839331269	-2.6400000921756996	0.008290600467173361	0.19105572553229977	PNMA2	BNIP3L	63636	67558
chr8	26308130	26308149	chr8_26308130_26308149_enh-1059585_1	135.03403579211238	-1.961825081283164	0.6783592406978953	-2.8920149731650153	0.0038277970386559053	0.13457514453373576	PNMA2	BNIP3L	63468	67726
chr8	26340029	26340048	chr8_26340029_26340048_enh-1059587_8	107.04498795574092	-1.710181635789877	0.5534580664771526	-3.0899931528244795	0.0020016110969418377	0.10072597230284049	PNMA2	BNIP3L	31569	99625
chr8	26340086	26340105	chr8_26340086_26340105_enh-1059587_9	70.24898260082188	-1.5869303363525333	0.6761060664760337	-2.3471618064660364	0.018917037699333342	0.27092085297914004	PNMA2	BNIP3L	31512	99682
chr8	28273240	28273259	chr8_28273240_28273259_enh-1059624_9	46.11467143625772	-2.317667541364397	1.1640857840826078	-1.990976586996897	0.04648346130473395	0.39909094319363847	FZD3	ZNF395	-78523	-29267
chr8	29913484	29913503	chr8_29913484_29913503_enh-1059690_7	132.71488659651078	-1.5228097139220913	0.7245723923308701	-2.1016667624105563	0.035582477085753114	0.36041094407693436	DUSP4	TMEM66	-705309	27229
chr8	103741168	103741187	chr8_103741168_103741187_enh-1061055_2	56.59096159560577	-1.7970795101530386	0.8425717529891025	-2.1328504115853995	0.032936999317679766	0.347944331223479	KLF10	AZIN1	-73048	135787
chr8	103741833	103741852	chr8_103741833_103741852_enh-1061055_4	49.23876900815601	-2.5184250401001296	0.9611316213935126	-2.6202707142740236	0.008785999006038592	0.19630462288332776	KLF10	AZIN1	-73713	135122
chr8	118944786	118944805	chr8_118944786_118944805_enh-1061276_10	36.49075348924144	-8.185700848921472	1.5959153408050162	-5.129157317826406	2.9104205078290955e-7	6.917535199083825e-4	EXT1	MED30	179296	411844
chr8	123733271	123733290	chr8_123733271_123733290_enh-1061418_5	74.1230520037417	-2.986231712267517	0.9511680408422365	-3.13954168353184	0.0016921233921846643	0.09130924867240924	ZHX2	NA	-60352	NA
chr8	123733468	123733487	chr8_123733468_123733487_enh-1061418_16	109.84948739636619	-2.0705155374271755	0.5762864227318639	-3.5928584394058345	0.00032707029239262085	0.03584569156457633	ZHX2	NA	-60155	NA
chr8	123997355	123997374	chr8_123997355_123997374_enh-1061439_7	31.243094436172356	-3.464063131495328	1.1804773998603024	-2.9344595092674073	0.0033412914497856416	0.1279341064733142	DERL1	ZHX2	57298	203732
chr8	123997390	123997409	chr8_123997390_123997409_enh-1061439_8	145.51439826549117	-1.5024910998899506	0.4717860378469663	-3.1846875052655013	0.0014491039804297749	0.08612863970654451	DERL1	ZHX2	57263	203767
chr8	123998353	123998372	chr8_123998353_123998372_enh-1061439_7	20.125294559370158	-3.2765459715001786	1.5779778775246973	-2.076420726911551	0.03785505590884022	0.37040871769848493	DERL1	ZHX2	56300	204730
chr8	123998378	123998397	chr8_123998378_123998397_enh-1061439_6	29.847898251877044	-3.108526116088138	1.231095029759655	-2.525009069929404	0.011569530329776962	0.2227842346875451	DERL1	ZHX2	56275	204755
chr8	126516032	126516051	chr8_126516032_126516051_enh-1061581_5	84.19233605580804	-1.7242680006750382	0.694916926011234	-2.481257739068459	0.013091967050108207	0.2363098774427622	TRIB1	NA	73479	NA
chr8	126521829	126521848	chr8_126521829_126521848_enh-1061581_3	144.27959585582465	-2.016724628012286	0.49610740059376357	-4.065096843140376	4.801252159865323e-5	0.01315436397310657	TRIB1	NA	79276	NA
chr8	129077821	129077840	chr8_129077821_129077840_enh-1061671_18	25.430972749529285	-3.473189992029568	1.597317194517916	-2.1743896603315576	0.02967588394501634	0.33050946084743127	TMEM75	NA	-117240	NA
chr9	107826949	107826968	chr9_107826949_107826968_enh-1063632_8	113.94684815492027	-1.6205015896867416	0.7342886341326181	-2.206900004112098	0.027321046148558986	0.3219126339331276	SLC44A1	ABCA1	-179944	-136441
chr9	107826952	107826971	chr9_107826952_107826971_enh-1063632_9	43.12262916848209	-2.6334587309751103	1.0949179667088869	-2.4051653284042653	0.0161651507539767	0.2546745813978937	SLC44A1	ABCA1	-179941	-136444
chr9	107827003	107827022	chr9_107827003_107827022_enh-1063632_14	56.985446075745934	-1.5876671862882266	0.8027963588514571	-1.9776711351302922	0.04796581860174672	0.4047647838513071	SLC44A1	ABCA1	-179890	-136495
chr9	117111044	117111063	chr9_117111044_117111063_enh-1063931_15	59.35703954177403	-1.724975607446146	0.7326180900445881	-2.3545359183543524	0.018545851260030107	0.26868601666852077	ORM2	AKNA	18905	45631
chr9	117111345	117111364	chr9_117111345_117111364_enh-1063931_7	52.7012203515318	-1.7256344704308855	0.82691945775637965	-2.086822911523843	0.036904145265168	0.3655970214196767	ORM2	AKNA	19206	45330
chr9	134113322	134113341	chr9_134113322_134113341_enh-1064517_3	27.73728603509884	-3.7828392480657436	1.419822257582989	-2.6643047943940514	0.0077147626930631355	0.18504923977193655	PPAPDC3	NUP214	-51749	112384
chr9	134113350	134113369	chr9_134113350_134113369_enh-1064517_13	106.23451092566447	-1.5247806486912405	0.7610908122896295	-2.0034148672799805	0.04513277698936048	0.39463972163250033	PPAPDC3	NUP214	-51721	112412
chr9	134113581	134113600	chr9_134113581_134113600_enh-1064517_14	37.664178529436896	-5.420378389059847	1.2779314792635827	-4.241525055931308	2.2200609972557525e-5	0.008050332951519463	PPAPDC3	NUP214	-51490	112643
chr9	134115791	134115810	chr9_134115791_134115810_enh-1064517_6	21.574625128070856	-3.74977658821952	1.3807105898940646	-2.7158309754886596	0.006610965990067685	0.16889149765055453	PPAPDC3	NUP214	-49280	114853
chr9	134115801	134115820	chr9_134115801_134115820_enh-1064517_18	55.831466030331114	-1.7387981552820948	0.8468052514049138	-2.053362508554709	0.04003743258639491	0.3784351050388809	PPAPDC3	NUP214	-49270	114863
chr10	3514530	3514549	chr10_3514530_3514549_enh-1006778_4	16.318718440190164	-4.619780163374086	1.6883106177099665	-2.7363330627159006	0.0062128108723668645	0.1663789426335611	PITRM1	KLF6	-299537	312927
chr10	3521904	3521923	chr10_3521904_3521923_enh-1006778_1	94.4414475963187	-1.5724605597017685	0.6708422836190521	-2.3440093120229046	0.01907769507706885	0.271917806479979	PITRM1	KLF6	-306911	305553
chr10	5985797	5985816	chr10_5985797_5985816_enh-1006905_10	113.08172804007863	-1.7044640750188953	0.5877499438150214	-2.8999816894160855	0.003731844595244594	0.13410417627714202	IL15RA	FBXO18	33746	49458
chr10	5985899	5985918	chr10_5985899_5985918_enh-1006905_7	67.6640414392611	-1.7322405815820197	0.8600616693694142	-2.0140888069713365	0.044000210471962516	0.39027237043800417	IL15RA	FBXO18	33644	49560
chr10	6218879	6218898	chr10_6218879_6218898_enh-1006918_5	127.8949386390104	-2.050854341144959	0.9014298884404803	-2.2751124268722016	0.022899186385032914	0.29716034653371565	PFKFB3	RBM17	-26005	87580
chr10	6244178	6244197	chr10_6244178_6244197_enh-1006918_3	52.96823233426196	-1.6986874574522528	0.7873293240632595	-2.157531042646353	0.030964311080558807	0.337847386821585	PFKFB3	RBM17	-706	112879
chr10	14508657	14508676	chr10_14508657_14508676_enh-1007164_9	129.1264462799527	-2.57336042455124	0.6591858873352969	-3.903846356532042	9.467589722249207e-5	0.01763426042094836	FRMD4A	CDNF	-135784	371404
chr10	14509073	14509092	chr10_14509073_14509092_enh-1007164_19	18.31719648011095	-5.2507915369220575	1.688504664919595	-3.1097287712688053	0.0018725920955899003	0.0968604925538116	FRMD4A	CDNF	-136200	370988
chr10	45919770	45919789	chr10_45919770_45919789_enh-1008039_3	50.14483188943545	-2.7673911173084176	1.0428431097634487	-2.6536984244314117	0.007961494602508697	0.18768119876544878	ALOX5	MARCH8	50105	170574
chr10	48574621	48574640	chr10_48574621_48574640_enh-1008074_11	57.986105437343554	-2.279480700021199	0.8617913447986308	-2.645049423829884	0.008167898593418547	0.18964599201178395	GDF10	PTPN20B	-135655	232308
chr10	48574685	48574704	chr10_48574685_48574704_enh-1008074_5	59.04391324293243	-1.6292694500732763	0.7968190479283606	-2.044716996047211	0.040882767026025876	0.3816193348164067	GDF10	PTPN20B	-135719	232244
chr10	73620040	73620059	chr10_73620040_73620059_enh-1008575_5	118.6164020912593	-1.8113380981109255	0.5773011807930113	-3.137596385343914	0.001703392586150874	0.09130924867240924	CHST3	PSAP	-104073	-8924
chr10	73625276	73625295	chr10_73625276_73625295_enh-1008575_2	38.34275661388286	-3.038342611847599	1.1595517536909654	-2.620273396315654	0.008785929900877967	0.19630462288332776	CHST3	PSAP	-98837	-14160
chr10	73628021	73628040	chr10_73628021_73628040_enh-1008575_12	4.203161527218903	-5.067225825032672	2.4945185118463775	-2.031344245780739	0.042220085959065165	0.38443976350761777	CHST3	PSAP	-96092	-16905
chr10	73631272	73631291	chr10_73631272_73631291_enh-1008576_5	85.19017572813827	-2.212097418341518	0.9111844876463083	-2.4277162839499313	0.015194224210047378	0.25010626206365033	CHST3	PSAP	-92841	-20156
chr10	82188416	82188435	chr10_82188416_82188435_enh-1008927_15	94.64385612909967	-1.5115679131182462	0.746596613872461	-2.02461126267104	0.04290729685147774	0.3864982426253753	TSPAN14	FAM213A	-25496	8672
chr10	94352448	94352467	chr10_94352448_94352467_enh-1009167_3	64.25144064747853	-2.7034818244185623	0.8942834088649589	-3.023070536274257	0.002502239122366868	0.11057385713140185	IDE	KIF11	-18625	-585
chr10	99630060	99630079	chr10_99630060_99630079_enh-1009318_23	8.81367998710685	-6.136040256342209	2.1118417184640457	-2.9055398435849566	0.003666201690328016	0.13397187808586702	GOLGA7B	CRTAC1	20074	160515
chr10	99630131	99630150	chr10_99630131_99630150_enh-1009318_14	80.99670995085691	-1.8767466981393255	0.6579791688694964	-2.8522889278757084	0.004340562801904408	0.14347131041469022	GOLGA7B	CRTAC1	20145	160444
chr10	102101851	102101870	chr10_102101851_102101870_enh-1009386_1	33.949470094732014	-1.9691654435214154	0.9218430461368229	-2.1361179126681242	0.032669804061696874	0.3466316818215669	PKD2L1	SCD	-11618	-5020
chr10	102105810	102105829	chr10_102105810_102105829_enh-1009386_4	81.15515731440536	-2.4754192991510933	0.969388077923815	-2.5535895845271974	0.010661884744498322	0.2116003577652503	PKD2L1	SCD	-15577	-1061
chr10	124058671	124058690	chr10_124058671_124058690_enh-1009987_10	89.58274568489809	-1.5317812623549567	0.5834278193305795	-2.625485469843571	0.00865255018224288	0.19591904488729783	PLEKHA1	BTBD16	-75531	27860
chr10	124061418	124061437	chr10_124061418_124061437_enh-1009985_3	47.63020619125419	-1.8255746761147909	0.7993347000095378	-2.2838676665644666	0.022379309390419693	0.2936068461772792	PLEKHA1	BTBD16	-72784	30607
chr10	124061489	124061508	chr10_124061489_124061508_enh-1009987_9	35.756079859193356	-2.7923299330333498	1.1369685322948873	-2.455943021920965	0.01405154346009442	0.24161991536890393	PLEKHA1	BTBD16	-72713	30678
chr10	126077414	126077433	chr10_126077414_126077433_enh-1010041_4	28.17151209043717	-2.86568603196187	1.2445183057849003	-2.302646749864014	0.0212987265359453	0.28767848347896613	CHST15	OAT	-225454	30081
chr10	126078164	126078183	chr10_126078164_126078183_enh-1010041_16	164.29340957076158	-1.655367586654573	0.519501096490551	-3.186456386400874	0.0014402720110043884	0.08612863970654451	CHST15	OAT	-226204	29331
chr11	66750796	66750815	chr11_66750796_66750815_enh-1011717_18	18.706776634091014	-7.221149610289719	1.7710492832872107	-4.077328439379553	4.55561205545236e-5	0.013115824718982523	PC	SYT12	-24959	-23443
chr11	66750799	66750818	chr11_66750799_66750818_enh-1011717_20	8.597599266898122	-4.123586284373777	2.0256380376149945	-2.035697497677782	0.04178074052807144	0.38443976350761777	PC	SYT12	-24962	-23440
chr11	69233434	69233453	chr11_69233434_69233453_enh-1011828_3	75.71888298195016	-2.1150886918555716	1.0281043782011232	-2.0572703868417985	0.039660224225170244	0.3784351050388809	CCND1	TPCN2	-222411	417079
chr11	69235207	69235226	chr11_69235207_69235226_enh-1011828_11	16.441328123579176	-7.035388471267181	1.8399143149363215	-3.8237587555867636	1.314325195001604e-4	0.021006692555810613	CCND1	TPCN2	-220638	418852
chr11	69235304	69235323	chr11_69235304_69235323_enh-1011828_5	89.00520961740744	-2.190925205028749	0.729457914600754	-3.003497749733627	0.002668955226384928	0.11418630741859333	CCND1	TPCN2	-220541	418949
chr11	74384256	74384275	chr11_74384256_74384275_enh-1012061_8	44.25578955585919	-4.332725912866422	1.2497474764990717	-3.4668811054563795	5.265347324909063e-4	0.047040918238263646	CHRDL2	POLD3	57954	80691
chr11	126009853	126009872	chr11_126009853_126009872_enh-1013211_6	53.30985820236352	-2.2824362903989224	1.0500577075950344	-2.1736293861662386	0.029732979664328054	0.3308464858136287	CDON	FAM118B	-76676	-71446
chr11	126032600	126032619	chr11_126032600_126032619_enh-1013212_15	92.62362577726365	-2.649555799624741	0.6330090857540402	-4.185652085022746	2.8434860424807394e-5	0.010016382690784297	CDON	FAM118B	-99423	-48699
chr11	126033577	126033596	chr11_126033577_126033596_enh-1013212_9	34.7838685377975	-3.109739944976606	1.3820014248750894	-2.2501713015655365	0.02443807330137024	0.3075205768620494	CDON	FAM118B	-100400	-47722
chr12	25538814	25538833	chr12_25538814_25538833_enh-1014106_1	28.720432111262454	-2.7046285272355366	1.3691440409925304	-1.975415621920157	0.048221001417698243	0.4055842005405351	KRAS	IFLTD1	-135087	167393
chr12	25538833	25538852	chr12_25538833_25538852_enh-1014106_9	40.86926723902661	-4.515684864545166	1.1607461702893356	-3.890329324471995	1.0010826794490935e-4	0.01763426042094836	KRAS	IFLTD1	-135106	167374
chr12	52600297	52600316	chr12_52600297_52600316_enh-1014725_4	61.57382920161469	-3.60313181557325	0.8093458538072091	-4.451906188959778	8.511135043273102e-6	0.004769717452205185	KRT7	KRT80	-26591	-14523
chr12	52784085	52784104	chr12_52784085_52784104_enh-1014740_5	28.567716272963644	-3.152151556945296	1.5131904658968465	-2.083116189261119	0.03724063405296645	0.36711756841074933	KRT84	KRT82	-4659	16044
chr12	89554103	89554122	chr12_89554103_89554122_enh-1015616_1	100.17421093761438	-2.0081149420322677	0.6252325413396732	-3.211788909338468	0.0013191126117267664	0.0825550222841589	KITLG	DUSP6	-579875	192935
chr12	89554229	89554248	chr12_89554229_89554248_enh-1015616_3	24.363780707733714	-3.064788799296867	1.2829005554271673	-2.388952741762891	0.016896475629326144	0.260070721640402	KITLG	DUSP6	-580001	192809
chr12	121382522	121382541	chr12_121382522_121382541_enh-1016557_4	32.87787448660145	-3.854658734248567	1.1719951130223196	-3.2889716786516656	0.0010055414130188951	0.06864071713180261	SPPL3	HNF1A	-40358	-33814
chr12	125256159	125256178	chr12_125256159_125256178_enh-1016734_12	48.700768265156235	-2.023794898615477	0.8584670211085746	-2.3574521197122578	0.01840082809412405	0.2671878048692449	NCOR2	SCARB1	-276371	92224
chr12	125259354	125259373	chr12_125259354_125259373_enh-1016734_2	78.43995095344218	-1.8156301344997658	0.701479398612714	-2.588287180051845	0.009645452877464608	0.202470250458202	NCOR2	SCARB1	-279566	89029
chr12	125262493	125262512	chr12_125262493_125262512_enh-1016734_7	14.331111142877472	-6.8374513203943375	1.9093247881268696	-3.581083408602354	3.421723882033677e-4	0.03605678097572069	NCOR2	SCARB1	-282705	85890
chr12	125262785	125262804	chr12_125262785_125262804_enh-1016734_6	64.1896924300118	-2.202102112060654	1.032038923889633	-2.1337393978913033	0.03286411911598379	0.3477954717433169	NCOR2	SCARB1	-282997	85598
chr12	125412350	125412369	chr12_125412350_125412369_enh-1016744_11	52.316511915889095	-3.2748961777133423	0.9843184763645956	-3.327069699848149	8.776441845080742e-4	0.06510549214744117	UBC	DHX37	-12466	61307
chr13	44684806	44684825	chr13_44684806_44684825_enh-1017447_4	113.63778876306739	-1.5609061290590178	0.740159744358252	-2.1088773618894736	0.03495516872252123	0.3575988271752123	SMIM2	LACC1	50577	231396
chr13	102391911	102391930	chr13_102391911_102391930_enh-1018271_3	91.27254566909367	-1.5235070050897488	0.6292525190522789	-2.421137713336948	0.015472014666577832	0.2504916054178993	ITGBL1	FGF14	286955	662203
chr14	69330106	69330125	chr14_69330106_69330125_enh-1019481_17	59.857998482191604	-4.777439120862185	1.113779173662254	-4.289395271374424	1.791602702550462e-5	0.0074765883688027715	ZFP36L1	ACTN1	-70159	115840
chr14	69330118	69330137	chr14_69330118_69330137_enh-1019481_28	87.76505967697712	-1.5923626010396479	0.6843145553779159	-2.326945391597375	0.019968171882325865	0.27817806908157694	ZFP36L1	ACTN1	-70171	115828
chr14	69330132	69330151	chr14_69330132_69330151_enh-1019481_3	79.63311545674588	-1.5837174437926687	0.6906125123238436	-2.2932069945614137	0.021836090652974833	0.291676231484861	ZFP36L1	ACTN1	-70185	115814
chr14	69330135	69330154	chr14_69330135_69330154_enh-1019481_1	7.682159829802749	-5.937383214344346	2.162542054851935	-2.745557341196246	0.006040820983537634	0.16403942063636337	ZFP36L1	ACTN1	-70188	115811
chr14	69331063	69331082	chr14_69331063_69331082_enh-1019481_15	81.77033646309548	-1.5055542349320634	0.7457738790920848	-2.018781130769752	0.04350997310977537	0.3889049445663676	ZFP36L1	ACTN1	-71116	114883
chr14	92940423	92940442	chr14_92940423_92940442_enh-1019927_9	57.98608594190847	-3.148533795495526	0.9548225843541074	-3.297506622788317	9.754737412137263e-4	0.06833304406490927	RIN3	SLC24A4	-39685	150484
chr14	93006647	93006666	chr14_93006647_93006666_enh-1019931_3	66.81581355637697	-1.6160772794936251	0.7068607552549215	-2.286273877110075	0.02223824113547172	0.2936068461772792	RIN3	LGMN	26539	208367
chr14	93013088	93013107	chr14_93013088_93013107_enh-1019931_11	89.58391109054749	-2.146092881687998	0.5877513012036626	-3.651362195699082	2.608530544675034e-4	0.03152997361303774	RIN3	LGMN	32980	201926
chr14	93147152	93147171	chr14_93147152_93147171_enh-1019943_13	136.42445768521054	-2.016263865018937	0.6805486351313007	-2.9627035614139934	0.003049500972461814	0.12246676706671565	LGMN	RIN3	67862	167044
chr14	93147217	93147236	chr14_93147217_93147236_enh-1019943_7	212.21767177378638	-1.6064456126155013	0.5466771195332705	-2.9385638345117058	0.003297367477680617	0.12743963521104806	LGMN	RIN3	67797	167109
chr15	41035669	41035688	chr15_41035669_41035688_enh-1020747_1	83.39368461836688	-2.2232177939568953	0.6862364371287478	-3.2397256596559703	0.0011964475257082057	0.0785390256841223	RMDN3	RAD51	12370	48307
chr15	41774995	41775014	chr15_41774995_41775014_enh-1020780_11	56.96316119469077	-2.3234556394449952	0.8007655716370283	-2.901542875644725	0.00371329960463278	0.13410417627714202	ITPKA	RTF1	-11068	65703
chr15	65162704	65162723	chr15_65162704_65162723_enh-1021505_7	82.94377351308549	-1.7826664264165188	0.6332090100966464	-2.815289103584346	0.004873337140811095	0.15050876943953534	ANKDD1A	PLEKHO2	-41387	28626
chr15	65162879	65162898	chr15_65162879_65162898_enh-1021505_9	84.31699539321417	-2.043342928325942	0.7343928479592776	-2.7823567917415857	0.005396567611271782	0.15692047660228728	ANKDD1A	PLEKHO2	-41212	28801
chr15	65175793	65175812	chr15_65175793_65175812_enh-1021505_5	42.54539139353098	-2.6428979019395804	1.2573363770137356	-2.101981578085455	0.03555488956431575	0.36041094407693436	ANKDD1A	PLEKHO2	-28298	41715
chr15	90718584	90718603	chr15_90718584_90718603_enh-1022264_3	62.10640647954827	-1.906985357278827	0.7746628454968496	-2.461697199451632	0.01382813565198833	0.23966961353216956	IDH2	SEMA4B	-72858	-25957
chr15	102152127	102152146	chr15_102152127_102152146_enh-1022552_5	44.09011112208645	-2.0039735840229707	1.021197394647962	-1.9623763187466823	0.049718687749583684	0.40974712651378165	PCSK6	TM2D3	-122264	40433
chr15	102154630	102154649	chr15_102154630_102154649_enh-1022552_1	88.45401905575592	-1.7602759964849624	0.7262253530293765	-2.423870206599297	0.015356092707485999	0.2504916054178993	PCSK6	TM2D3	-124767	37930
chr16	47081339	47081358	chr16_47081339_47081358_enh-1023427_21	21.218388126579466	-2.991650472268598	1.3030574954193508	-2.295869892760045	0.02168332166012734	0.29089766001227507	DNAJA2	NETO2	-73650	96559
chr16	47081502	47081521	chr16_47081502_47081521_enh-1023427_8	49.78221319882663	-3.1023580363971845	1.307185379064135	-2.373311456878659	0.01762939110042077	0.2652403030873355	DNAJA2	NETO2	-73813	96396
chr16	81731934	81731953	chr16_81731934_81731953_enh-1024234_7	35.05567644294535	-2.349195551269082	0.9264662249105926	-2.5356515845958527	0.011223834101430415	0.21929743714158456	PLCG2	CMIP	-80919	253169
chr16	81740470	81740489	chr16_81740470_81740489_enh-1024235_7	115.00856429965846	-1.8720383392384319	0.6252848387746267	-2.993896898103388	0.002754390034525559	0.11590059636745945	PLCG2	CMIP	-72383	261705
chr16	85767052	85767071	chr16_85767052_85767071_enh-1024407_7	42.180857335395515	-2.229911678407443	1.025082629401546	-2.1753482250589777	0.029604031228402477	0.33037526609121814	GINS2	EMC8	-44457	66084
chr16	85768368	85768387	chr16_85768368_85768387_enh-1024407_3	59.85801890218887	-2.328941280479328	1.0196506647553136	-2.2840580220071804	0.022368121202270046	0.2936068461772792	GINS2	EMC8	-45773	64768
chr16	86768866	86768885	chr16_86768866_86768885_enh-1024440_6	27.195742767584132	-2.8467360556608403	1.2256794550115795	-2.3225779334238297	0.020201837292119766	0.2795381054708693	FOXL1	FBXO31	156761	648487
chr17	1102553	1102572	chr17_1102553_1102572_enh-1024656_6	57.66562690320643	-1.7494081563706398	0.8038397732508462	-2.1763145026971933	0.02953175184509504	0.33037526609121814	BHLHA9	ABR	-71290	-19395
chr17	1107241	1107260	chr17_1107241_1107260_enh-1024656_9	62.90311624520588	-2.4676812810779953	0.9376136234173297	-2.6318743877504818	0.00849152515427796	0.19382049705040702	BHLHA9	ABR	-66602	-24083
chr17	29277367	29277386	chr17_29277367_29277386_enh-1025420_5	20.39267098172973	-7.346228839332832	1.8325661152813435	-4.008711488264644	6.105094923795485e-5	0.01447494525297587	RNF135	ADAP2	-19842	28679
chr17	29280245	29280264	chr17_29280245_29280264_enh-1025420_8	28.86874458037556	-3.194231842307094	1.3255025024480729	-2.409827093051625	0.015960082407101693	0.2542272041306935	RNF135	ADAP2	-16964	31557
chr17	29281752	29281771	chr17_29281752_29281771_enh-1025420_5	33.75598875449039	-3.312693719423212	1.1318045353309063	-2.926913275227933	0.0034234432866379334	0.12907532807632746	RNF135	ADAP2	-15457	33064
chr17	29283377	29283396	chr17_29283377_29283396_enh-1025420_12	61.13178044983854	-2.4640213523522396	0.8383022347634613	-2.939299515344245	0.003289550128654459	0.12743963521104806	RNF135	ADAP2	-13832	34689
chr17	36209027	36209046	chr17_36209027_36209046_enh-1025599_13	81.87041401361802	-1.9446220748316232	0.6957852234555287	-2.7948596912908057	0.005192224462639044	0.15425285638524525	HNF1B	TBC1D3F	-103800	-74934
chr17	36209095	36209114	chr17_36209095_36209114_enh-1025599_8	33.26469895623755	-2.111980862887642	1.0266260082600507	-2.0572056872658777	0.03966644471792295	0.3784351050388809	HNF1B	TBC1D3F	-103868	-74866
chr17	39059820	39059839	chr17_39059820_39059839_enh-1025726_25	128.02770077955273	-1.6166470301014857	0.6600390010279746	-2.4493204607358754	0.014312604446235102	0.24372942019010027	KRT20	KRT23	-18351	33842
chr17	40178878	40178897	chr17_40178878_40178897_enh-1025791_10	145.836690660566	-2.2041998932052698	0.5543446072086855	-3.9762268172936133	7.001734727780401e-5	0.015315811810271595	DNAJC7	ZNF385C	-9217	36187
chr17	40178961	40178980	chr17_40178961_40178980_enh-1025791_13	62.577284584413405	-2.4703949431734094	0.9670506152906077	-2.5545663320125525	0.010632016976132384	0.21142280209473577	DNAJC7	ZNF385C	-9300	36104
chr17	43058943	43058962	chr17_43058943_43058962_enh-1025938_12	74.0971341428665	-2.015989105947779	0.6591194181357585	-3.0586097913027146	0.0022236658096426516	0.10482905161056748	C1QL1	DCAKD	-13514	53556
chr17	43059008	43059027	chr17_43059008_43059027_enh-1025938_18	61.922579320139526	-2.4130618975679043	1.0418950405469871	-2.3160316573741104	0.020556540258423368	0.2822289363542335	C1QL1	DCAKD	-13579	53491
chr17	62263884	62263903	chr17_62263884_62263903_enh-1026497_3	58.691173843502064	-2.7613339238078747	0.9968011105596316	-2.770195472853743	0.005602266009916224	0.15982470057650547	ERN1	TEX2	-56409	76693
chr18	3340586	3340605	chr18_3340586_3340605_enh-1027313_11	44.373414352103644	-2.492166055452009	0.8798374066008756	-2.832530234285141	0.004618119864359115	0.14712351371494453	TGIF1	MYL12B	-111079	78181
chr18	12553630	12553649	chr18_12553630_12553649_enh-1027575_8	145.38994645704437	-2.5174572774578174	0.5016144342873131	-5.0187098005554525	5.201966178736615e-7	8.016880127205466e-4	SPIRE1	SLMO1	104493	145745
chr18	56028155	56028174	chr18_56028155_56028174_enh-1028457_10	119.70675457605397	-1.5785982289349167	0.5248918870876248	-3.0074730964004925	0.0026342944093183124	0.11363021927641327	ALPK2	NEDD4L	268024	316555
chr18	56030425	56030444	chr18_56030425_56030444_enh-1028457_6	29.320875207704354	-5.056135317864458	1.350513434864517	-3.7438615472727137	1.812135336667603e-4	0.02538842791565327	ALPK2	NEDD4L	265754	318825
chr18	76916930	76916949	chr18_76916930_76916949_enh-1028752_4	90.42000356229339	-1.938151957711363	0.6941226537443639	-2.7922326799971557	0.005234569979103794	0.15439476859418821	NFATC1	ATP9B	-243396	87546
chr19	1895431	1895450	chr19_1895431_1895450_enh-1028863_4	116.7952065824113	-1.5039196699870627	0.6571810941650652	-2.2884402538964714	0.022111895704722658	0.2936068461772792	ABHD17A	SCAMP4	-10009	-9772
chr19	1895635	1895654	chr19_1895635_1895654_enh-1028863_3	136.88374714436577	-1.7085216486282142	0.6202380775222834	-2.7546223144721904	0.005875992199476911	0.16255451439226482	ABHD17A	SCAMP4	-10213	-9568
chr19	1897686	1897705	chr19_1897686_1897705_enh-1028863_12	32.78106314785142	-2.7044617442371193	1.3085461086812489	-2.0667683976093683	0.038755982656614424	0.3751900969465729	ABHD17A	SCAMP4	-12264	-7517
chr19	1897687	1897706	chr19_1897687_1897706_enh-1028863_16	39.12775304771964	-2.278169189796657	1.158786378214598	-1.9659958320417523	0.04929909206789124	0.40826086308599224	ABHD17A	SCAMP4	-12265	-7516
chr19	4691079	4691098	chr19_4691079_4691098_enh-1029004_23	25.358174377900184	-3.8518144593099217	1.4308973254320732	-2.6918873848246445	0.007104893175434617	0.17554354300587852	C19orf10	DPP9	-20707	32786
chr19	4692484	4692503	chr19_4692484_4692503_enh-1029004_2	14.730924531427455	-6.876980556136889	2.2867297606145054	-3.0073429202621917	0.002635422860020722	0.11363021927641327	C19orf10	DPP9	-22112	31381
chr19	4692489	4692508	chr19_4692489_4692508_enh-1029004_5	55.32246847892396	-2.919636148381681	1.008029124760287	-2.896380746018604	0.003774940871894907	0.13457514453373576	C19orf10	DPP9	-22117	31376
chr19	4809735	4809754	chr19_4809735_4809754_enh-1029009_4	122.59455792775614	-2.1572136360678598	0.5646761852156263	-3.820266716656573	1.3330743942015032e-4	0.021006692555810613	FEM1A	TICAM1	18017	21971
chr19	6516736	6516755	chr19_6516736_6516755_enh-1029065_6	23.625303901764845	-3.0201489450515058	1.538935168253104	-1.9624926425456741	0.04970515636492771	0.40974712651378165	TNFSF9	TUBB4A	-14264	-14151
chr19	6801340	6801359	chr19_6801340_6801359_enh-1029085_10	185.77356067889573	-1.9081297065730278	0.4856540866786065	-3.9289892928169254	8.530363718638732e-5	0.01693142108719113	EMR1	VAV1	-86233	28613
chr19	8420374	8420393	chr19_8420374_8420393_enh-1029123_10	96.87517221718741	-1.5744479739182176	0.5643881745230718	-2.789654434642757	0.005276432540682852	0.15525808304076105	ANGPTL4	RPS28	-8651	34000
chr19	54352653	54352672	chr19_54352653_54352672_enh-1030169_6	32.62708862181701	-5.506558079551584	1.3445118154414801	-4.095581769018122	4.211095586491325e-5	0.013115824718982523	NLRP12	MYADM	-25066	-19997
chr19	55979312	55979331	chr19_55979312_55979331_enh-1030202_6	35.50525196543996	-2.693636847648205	1.1369385381729091	-2.3692018145298794	0.017826523221295344	0.2652403030873355	ZNF628	ISOC2	-8377	-6310
chr19	55979314	55979333	chr19_55979314_55979333_enh-1030202_9	25.67161990573035	-2.519759466383332	1.28254880023512	-1.9646499734913818	0.049454763755531574	0.4089388211548952	ZNF628	ISOC2	-8375	-6312
chr19	55979336	55979355	chr19_55979336_55979355_enh-1030202_21	68.72427479294437	-1.6569908869410588	0.7260520535282977	-2.2821929624588244	0.022477950411107853	0.2936068461772792	ZNF628	ISOC2	-8353	-6334
chr19	55979373	55979392	chr19_55979373_55979392_enh-1030202_2	52.208602587764474	-2.2151349971216274	1.1162831125330153	-1.9843845815199614	0.04721298353451215	0.4022728914975814	ZNF628	ISOC2	-8316	-6371
chr19	55979410	55979429	chr19_55979410_55979429_enh-1030202_18	79.69261701971851	-1.5490691933213936	0.6377362761671054	-2.4290121970660685	0.015140022991946661	0.2495472506252813	ZNF628	ISOC2	-8279	-6408
chr19	55979635	55979654	chr19_55979635_55979654_enh-1030202_10	112.03327793032891	-1.7035237107670123	0.6845039195942149	-2.4886982557775403	0.012821173063014685	0.23348928019779625	ZNF628	ISOC2	-8054	-6633
chr20	1518201	1518220	chr20_1518201_1518220_enh-1036063_30	31.214506311873386	-7.960100919494521	1.5790772487549047	-5.040982590162087	4.631476052566001e-7	8.016880127205466e-4	SIRPB2	SIRPD	-46169	21278
chr20	34379958	34379977	chr20_34379958_34379977_enh-1037039_1	113.15415065485567	-1.559214744973782	0.6092201679150665	-2.5593616677364457	0.010486458121282767	0.2100135147723994	PHF20	SCAND1	20063	167426
chr20	34380544	34380563	chr20_34380544_34380563_enh-1037039_15	62.99350225793814	-1.8792729666327255	0.7946995396494102	-2.3647590980885504	0.01804180235270929	0.2660734224958766	PHF20	SCAND1	20649	166840
chr20	39620082	39620101	chr20_39620082_39620101_enh-1037204_8	93.95374630469898	-2.4819186452076223	0.8477385841266036	-2.9276933852959623	0.0034148662243156597	0.12907532807632746	MAFB	TOP1	-302212	-37366
chr20	47393737	47393756	chr20_47393737_47393756_enh-1037445_1	111.51682267667827	-2.1650592885541657	0.7879416966817396	-2.747740470737726	0.006000748715039941	0.16403942063636337	SULF2	PREX1	-978417	50673
chr20	47402894	47402913	chr20_47402894_47402913_enh-1037445_1	89.03486139113585	-2.4270047657475007	0.647052884459325	-3.7508599745683804	1.7622910065262393e-4	0.025241271700614354	SULF2	PREX1	-987574	41516
chr20	47416820	47416839	chr20_47416820_47416839_enh-1037445_2	96.68592786340466	-2.1463394611110167	0.9137040806817128	-2.349053163371709	0.01882121929968061	0.27092085297914004	PREX1	NA	27590	NA
chr20	48341540	48341559	chr20_48341540_48341559_enh-1037485_11	39.01203506841418	-1.9898036857892338	0.9438140371282965	-2.108258202901417	0.03500866123777121	0.3575988271752123	SLC9A8	B4GALT5	-87700	-11135
chr20	48392694	48392713	chr20_48392694_48392713_enh-1037489_2	50.206567308346656	-1.9379832350090473	0.9030234185338766	-2.146105178706774	0.031864588207859805	0.34173698075281855	B4GALT5	SLC9A8	-62289	-36546
chr20	61206923	61206942	chr20_61206923_61206942_enh-1037862_9	42.58478158095157	-2.6715911723460746	1.2183982174863814	-2.19270771575627	0.02832844448135583	0.32546915486010713	GATA5	SLCO4A1	-155907	-66864
chr20	61372130	61372149	chr20_61372130_61372149_enh-1037869_3	101.3378714388145	-2.102840526681059	0.6544755927244938	-3.2130159627912427	0.0013134898917190395	0.0825550222841589	MRGBP	NTSR1	-55665	31951
chr21	33824303	33824322	chr21_33824303_33824322_enh-1038182_2	71.88616317594862	-2.4759366771029137	0.7920846666243941	-3.1258485127032523	0.0017729285439873703	0.09381303012369223	EVA1C	TCP10L	39624	133530
chr21	34575319	34575338	chr21_34575319_34575338_enh-1038198_8	77.20935986737577	-2.4963167376023527	0.6553774514093959	-3.8089756250142544	1.3954371184463806e-4	0.021239931152253613	IFNAR2	OLIG1	-26950	132879
chr21	36190860	36190879	chr21_36190860_36190879_enh-1038263_1	142.90203251116748	-1.617611757511574	0.5142509784240924	-3.1455686530119973	0.0016576428497502395	0.09127075181893934	CLIC6	RUNX1	149182	230771
chr21	46269381	46269400	chr21_46269381_46269400_enh-1038663_3	44.39629107657689	-2.1518112983666597	0.8402962877786037	-2.560776870804892	0.01044384082912322	0.2100135147723994	SUMO3	PTTG1IP	-31347	24361
chrX	18978388	18978407	chrX_18978388_18978407_enh-1065113_3	170.78701005407774	-2.0646498865186063	0.515665435591357	-4.003855492371518	6.23184400648158e-5	0.014496680142624794	PHKA2	PPEF1	24318	269366
chrX	18979914	18979933	chrX_18979914_18979933_enh-1065113_9	78.12052105879904	-1.9780484237763756	0.880802524052205	-2.245734281818585	0.024721032948351717	0.3081755462287445	PHKA2	PPEF1	22792	270892
chrX	18980287	18980306	chrX_18980287_18980306_enh-1065113_9	50.221534142366266	-3.9324290226738086	1.0197307607904462	-3.856340490920936	1.1509714218946849e-4	0.019438803644574756	PHKA2	PPEF1	22419	271265
chrX	41242049	41242068	chrX_41242049_41242068_enh-1065406_2	44.02093129123021	-3.3978270183188757	1.1081924576245084	-3.066098307149975	0.002168719969942754	0.103636234532652	NYX	DDX3X	-64628	49408
chrX	41242257	41242276	chrX_41242257_41242276_enh-1065406_10	114.58028540205578	-1.5552840047712255	0.5730178787626443	-2.7141980423536767	0.006643643615606128	0.1692344672248098	NYX	DDX3X	-64420	49616
chrX	117555047	117555066	chrX_117555047_117555066_enh-1066036_4	84.05075119611712	-1.511109795968306	0.662378252819361	-2.2813396870087232	0.02252835400143614	0.2936068461772792	DOCK11	WDR44	-74815	74985
